id, text, dialect
ID: 331814, Text: τουτον τον σϙυφον πορϙος ????????? ες τον θιασον τον παρον αι δ εφιλε φρυναν ουκ αλλος κ αγε ο δε γραπσας τον αννεμοντα πυγιξει., Dialect: dialect.west_greek.doric.unspecified
ID: 331814, Text: τουτον τον σϙυφον πορϙος αποδιδοτι ες τον θιασον τον παρον αι δ εφιλε φρυναν ουκ αλλος κ αγε ο δε ??????? τον αννεμοντα πυγιξει., Dialect: dialect.west_greek.doric.unspecified

ID: 330104, Text: - - - κοινοι καλει ει ατελεστα και ???? και επεα ειναι και σικαναι ατελεστα και εργα και επεα ειναι καλει ει., Dialect: dialect.west_greek.doric.megarian
ID: 330104, Text: - - - κοινοι καλει ει ατελεστα και εργα και επεα ειναι και σικαναι ατελεστα και εργα ??? επεα ειναι καλει ει., Dialect: dialect.west_greek.doric.megarian
ID: 330104, Text: - - - κοινοι καλει ει ατελεστα και εργα και επεα ειναι και σικαναι ατελεστα και εργα και ???? ειναι καλει ει., Dialect: dialect.west_greek.doric.megarian

ID: 304763, Text: ???? τοζ ιδαμενευς ποιησα ινα κλεος ειη ζευ δε νιν οστις πημαινοι λειολη θειε., Dialect: dialect.west_greek.doric.rhodian
ID: 304763, Text: σαμα τοζ ιδαμενευς ποιησα ινα κλεος ειη ??? δε νιν οστις πημαινοι λειολη θειε., Dialect: dialect.west_greek.doric.rhodian

ID: 201834, Text: των υων οι πλιες. κηνδυεσες η καλως. ες τομορον. αι δασασθοσαν ες δαμομϙοσμος επεσταϙως αδικιοντα λει εκτεισαι απλοπιαι και αι μη αυτοις ισον πολι εασε μημεν τωι ?????? - - - εκεν τεμενια περιοιϙον το ισον λακεν ϙοικιας - - - ιδιαγοι δικαια δε οτερον καλω ληται ο ποινικαστας αιπερ οι αλοι κρησεταιην ϙοσμοι αδικα οι τελεται αλα δε ουδ αιλεν αι κα ϙωι αλοι αρϙωνται., Dialect: dialect.west_greek.doric.cretan
ID: 201834, Text: των υων οι πλιες. κηνδυεσες η καλως. ες τομορον. αι δασασθοσαν ες δαμομϙοσμος επεσταϙως αδικιοντα λει εκτεισαι απλοπιαι και αι μη αυτοις ισον πολι εασε μημεν τωι ϙοσμωι - - - εκεν τεμενια περιοιϙον το ισον λακεν ϙοικιας - - - ιδιαγοι δικαια δε οτερον καλω ληται ο ??????????? αιπερ οι αλοι κρησεταιην ϙοσμοι αδικα οι τελεται αλα δε ουδ αιλεν αι κα ϙωι αλοι αρϙωνται., Dialect: dialect.west_greek.doric.cretan

ID: 337363, Text: υσκον δαμιος του κορετου ανθεμοκριτος. εφιετο απελιν ενγυασασθαι ???? δε εφα ειμειν κατελαζετο τον λεοντινον ξενιν μυσκονα εν ται πλατειαι θοκεοντας ουκ αργυριον εχον ικε βοον τιμαν ουκ επριατο αι ποτ ενπεδοκλε τον μνασιμαχου ποτενθει γενεσθο ενγυασασθαι., Dialect: dialect.west_greek.doric.geloan
ID: 337363, Text: υσκον δαμιος του κορετου ανθεμοκριτος. εφιετο απελιν ενγυασασθαι σομα δε εφα ειμειν κατελαζετο τον λεοντινον ξενιν μυσκονα εν ται πλατειαι θοκεοντας ουκ αργυριον εχον ικε ???? τιμαν ουκ επριατο αι ποτ ενπεδοκλε τον μνασιμαχου ποτενθει γενεσθο ενγυασασθαι., Dialect: dialect.west_greek.doric.geloan

ID: 330383, Text: αριστοκλειας εμι τας καλας καλα αυτα δ ??? πιθαϙος αιτεσας εχει., Dialect: dialect.west_greek.doric.megarian
ID: 330383, Text: αριστοκλειας εμι τας καλας καλα αυτα δ εμι πιθαϙος αιτεσας ????., Dialect: dialect.west_greek.doric.megarian

ID: 201994, Text: ???? εαδε λυκτιοισι αλλοπολιαταν οστις κα δεκσεται ερρεν αι μη οσω υτος τε καρτει και τονς ιτανιονς αι δε καρτησαι η κοσμιων η αποκοσμος υπερ ωλας αδας εκατον λεβητας τεισει εκαστω οσος κα δεκσεται τουτος δε οι εσζικαιωτηρες επ ο τε κα παυσεται αι κα μη ανιωνται παρ τωι επι ορ ωι ομιονται αποδομεν -οκον - - - ται τ - - -., Dialect: dialect.west_greek.doric.cretan
ID: 201994, Text: θιοι εαδε λυκτιοισι αλλοπολιαταν οστις κα δεκσεται ερρεν αι μη οσω υτος τε καρτει και τονς ιτανιονς αι δε καρτησαι η κοσμιων η αποκοσμος υπερ ωλας αδας εκατον ??????? τεισει εκαστω οσος κα δεκσεται τουτος δε οι εσζικαιωτηρες επ ο τε κα παυσεται αι κα μη ανιωνται παρ τωι επι ορ ωι ομιονται αποδομεν -οκον - - - ται τ - - -., Dialect: dialect.west_greek.doric.cretan

ID: 329604, Text: σελινοντιος και α σελινοντιο ????? απεστραμεν επ ατελειαι ενγραφο ται τενον. και τον ξενον συνδιϙον τας γλοσας απεστραμενας επ ατελειαι ται τενον ενγραφο., Dialect: dialect.west_greek.doric.megarian
ID: 329604, Text: σελινοντιος και α σελινοντιο γλοσα απεστραμεν επ ατελειαι ??????? ται τενον. και τον ξενον συνδιϙον τας γλοσας απεστραμενας επ ατελειαι ται τενον ενγραφο., Dialect: dialect.west_greek.doric.megarian

ID: 195543, Text: γελον ο δεινομενεος ανεθεκε τοπολλονι συραϙοσιος. τον τριποδα και τεν νικεν ???????? βιον διοδορο υιος μιλεσιος., Dialect: dialect.west_greek.doric.corinthian

ID: 340073, Text: πιθαϙος αρεος αφαιστιον ισα-τας εριφιλος τερπεφιλο μυταλας καλεος θοπυλος ξενονος αθανις αντανδρο χαρον αγασαρχο σιλανος ???? αθανις αγασαρχο ξενον ινυϙο αγιας φιλοδαμο δεινιας σφυρί φιλονος ναϙοι., Dialect: dialect.west_greek.doric.megarian
ID: 340073, Text: πιθαϙος αρεος αφαιστιον ισα-τας εριφιλος τερπεφιλο μυταλας καλεος θοπυλος ξενονος αθανις αντανδρο χαρον αγασαρχο σιλανος αγια αθανις αγασαρχο ξενον ινυϙο ????? φιλοδαμο δεινιας σφυρί φιλονος ναϙοι., Dialect: dialect.west_greek.doric.megarian

ID: 201833, Text: θιοι ε αδε δαταλευσι και εσπενσαμες ????? σπενσιθιωι απο πυλαν πεντε απ εκαστας θροπαν τε και ατελειαν παντων αυτωι τε και γενιαι ως κα πολι τα δαμοσια τα τε θιηια και τανθρωπινα ποινικαζεν τε και μναμονευ ην ποινικαζεν δε πολι και μναμονευ εν τα δαμοσια μητε τα θιηια μητε τανθρωπινα μηδεν αλον αι μη σπενσιθιον αυτον τε και γενιαν τονυ αι μη επαιροι τε και κελοιτο η αυτος σπενσιθιος η γενια τονυ οσοι δρομης ειεν των υιων οι πλιες μισθον δε δομεν το ενιαυτο τωι ποινικασται πεντηϙοντα τε προϙοος κλευκιος κηνδυ-ες ικατιδαρκμιος η καρπος δομεν δε το κλευϙος ες το μορο οπω κα ληι ελεσθαι αι δε μη δοιη το κλευϙος αιδε - - -σ - - -α-εσδ - - -ς ϙοσμος επεσταϙως α - - - -ι - - -λε-εκ - - -σαι απλοπια - - -α- αι μη αυτοισι - - -πολ - - -ανεσημεν τωι ϙοσμωι - - -ε- τεμενια πε - - -ϙ - - - το ισον λακεν ϙοσμωι ασ - - -α - - - το ισον λακεν τον ποινικασταν και παρημεν και συνημεν επι τε θιηιων και επ ανθρωπινων παντε οπε και ο ϙοσμος ειη και τον ποινικασταν και οτιμι κα θιωι ιαρευς μη ιδιαλο- θυεν τε τα δαμοσια θυματα τον ποινικασταν και τα τεμενια εκεν μηδ επαγραν ημεν μηδε ρυτιον αιλεν τον ποινικασταν δικα δε οτερον κα ωληται ο ποινικαστας αιπεροιαλοικρησεταιην ϙοσμοι αδικα οι τελεται αλε δε ουδε εν. δικαια ες ανδρηιον δωσει δεκα πελεϙυς κρεων αι κα ϙωι αλοι απαρϙωνται και το επενιαυτιον το δε λακσιον συν αλει αλο δε μηδεν επανανϙον ημεν αι κα μη ληι δομεν. ημεν δε τα θιηια τ - - -ιστωι., Dialect: dialect.west_greek.doric.cretan
ID: 201833, Text: θιοι ε αδε δαταλευσι και εσπενσαμες πολις σπενσιθιωι απο πυλαν πεντε απ εκαστας θροπαν τε και ατελειαν παντων αυτωι τε και γενιαι ως κα πολι τα ??????? τα τε θιηια και τανθρωπινα ποινικαζεν τε και μναμονευ ην ποινικαζεν δε πολι και μναμονευ εν τα δαμοσια μητε τα θιηια μητε τανθρωπινα μηδεν αλον αι μη σπενσιθιον αυτον τε και γενιαν τονυ αι μη επαιροι τε και κελοιτο η αυτος σπενσιθιος η γενια τονυ οσοι δρομης ειεν των υιων οι πλιες μισθον δε δομεν το ενιαυτο τωι ποινικασται πεντηϙοντα τε προϙοος κλευκιος κηνδυ-ες ικατιδαρκμιος η καρπος δομεν δε το κλευϙος ες το μορο οπω κα ληι ελεσθαι αι δε μη δοιη το κλευϙος αιδε - - -σ - - -α-εσδ - - -ς ϙοσμος επεσταϙως α - - - -ι - - -λε-εκ - - -σαι απλοπια - - -α- αι μη αυτοισι - - -πολ - - -ανεσημεν τωι ϙοσμωι - - -ε- τεμενια πε - - -ϙ - - - το ισον λακεν ϙοσμωι ασ - - -α - - - το ισον λακεν τον ποινικασταν και παρημεν και συνημεν επι τε θιηιων και επ ανθρωπινων παντε οπε και ο ϙοσμος ειη και τον ποινικασταν και οτιμι κα θιωι ιαρευς μη ιδιαλο- θυεν τε τα δαμοσια θυματα τον ποινικασταν και τα τεμενια εκεν μηδ επαγραν ημεν μηδε ρυτιον αιλεν τον ποινικασταν δικα δε οτερον κα ωληται ο ποινικαστας αιπεροιαλοικρησεταιην ϙοσμοι αδικα οι τελεται αλε δε ουδε εν. δικαια ες ανδρηιον δωσει δεκα πελεϙυς κρεων αι κα ϙωι αλοι απαρϙωνται και το επενιαυτιον το δε λακσιον συν αλει αλο δε μηδεν επανανϙον ημεν αι κα μη ληι δομεν. ημεν δε τα θιηια τ - - -ιστωι., Dialect: dialect.west_greek.doric.cretan
ID: 201833, Text: θιοι ε αδε δαταλευσι και εσπενσαμες πολις σπενσιθιωι απο πυλαν πεντε απ εκαστας θροπαν τε και ατελειαν παντων αυτωι τε και γενιαι ως κα πολι τα δαμοσια τα τε θιηια και τανθρωπινα ποινικαζεν τε και μναμονευ ην ποινικαζεν δε πολι και μναμονευ εν τα δαμοσια μητε τα θιηια μητε τανθρωπινα μηδεν αλον αι μη σπενσιθιον αυτον τε και γενιαν τονυ αι μη επαιροι τε και κελοιτο η αυτος σπενσιθιος η γενια τονυ οσοι δρομης ειεν των υιων οι πλιες μισθον δε δομεν το ενιαυτο τωι ποινικασται πεντηϙοντα τε προϙοος κλευκιος κηνδυ-ες ικατιδαρκμιος η καρπος δομεν δε το κλευϙος ες το μορο οπω κα ληι ελεσθαι αι δε μη δοιη το κλευϙος αιδε - - -σ - - -α-εσδ - - -ς ϙοσμος επεσταϙως α - - - -ι - - -λε-εκ - - -σαι απλοπια - - -α- αι μη αυτοισι - - -πολ - - -ανεσημεν τωι ϙοσμωι - - -ε- τεμενια πε - - -ϙ - - - το ισον λακεν ϙοσμωι ασ - - -α - - - το ισον λακεν τον ??????????? και παρημεν και συνημεν επι τε θιηιων και επ ανθρωπινων παντε οπε και ο ϙοσμος ειη και τον ποινικασταν και οτιμι κα θιωι ιαρευς μη ιδιαλο- θυεν τε τα δαμοσια θυματα τον ποινικασταν και τα τεμενια εκεν μηδ επαγραν ημεν μηδε ρυτιον αιλεν τον ποινικασταν δικα δε οτερον κα ωληται ο ποινικαστας αιπεροιαλοικρησεταιην ϙοσμοι αδικα οι τελεται αλε δε ουδε εν. δικαια ες ανδρηιον δωσει δεκα πελεϙυς κρεων αι κα ϙωι αλοι απαρϙωνται και το επενιαυτιον το δε λακσιον συν αλει αλο δε μηδεν επανανϙον ημεν αι κα μη ληι δομεν. ημεν δε τα θιηια τ - - -ιστωι., Dialect: dialect.west_greek.doric.cretan

ID: 200483, Text: ------------ --- κατακειμενος. αι κ αδικησει δολος η δολα οτι μεν κα καταθεμενο κελομενο αμαρτηι τοι καταθεμενοι ??? δικαν ημην οτι δε κ αυτος προ ιαυτο τοι αρκαιοι πασται ταν δικαν ημην τοι δε καταθεμενοι μη. αι δε κα νικαθηι ο καθενς αποδοτο τοι καταθεμενοι οτι κ οπηληι. αι δε κα τον κατακειμενον αδικησει αλλος αι μεν κ ανποτεροι μολιοντες νικασοντι ταν ημιναν εκατερος εκσιοντι αι δε κ ο ατερος μη ληι ο ατερος μολιον αι κα νικασει αυτος εκσει. αι δε κ αποληται ο κατακειμενος δικακσατο ομοσαι τον καταθεμενον μητ αυτον αιτιον εμην μητε συν αλλοι μητ επ αλλοι ισαμην. αι δε κ αποθανηι δεικσατο αντι μαιτυρον δυον. αι δε κα μη ομοσει αι εγραται η μη δεικσει ταν απλοον τιμαν καταστασει. αι δε κ αυτον αιτιηται ναι αποδοθαι η αποκρυπσαι αι κα νικαθει ταν απλοον τιμαν διππλει καταστασει. αι δε κα ναευηι εμπανια δεικσατο., Dialect: dialect.west_greek.doric.cretan
ID: 200483, Text: ------------ --- κατακειμενος. αι κ αδικησει δολος η δολα οτι μεν κα καταθεμενο κελομενο αμαρτηι τοι καταθεμενοι ταν ????? ημην οτι δε κ αυτος προ ιαυτο τοι αρκαιοι πασται ταν δικαν ημην τοι δε καταθεμενοι μη. αι δε κα νικαθηι ο καθενς αποδοτο τοι καταθεμενοι οτι κ οπηληι. αι δε κα τον κατακειμενον αδικησει αλλος αι μεν κ ανποτεροι μολιοντες νικασοντι ταν ημιναν εκατερος εκσιοντι αι δε κ ο ατερος μη ληι ο ατερος μολιον αι κα νικασει αυτος εκσει. αι δε κ αποληται ο κατακειμενος δικακσατο ομοσαι τον καταθεμενον μητ αυτον αιτιον εμην μητε συν αλλοι μητ επ αλλοι ισαμην. αι δε κ αποθανηι δεικσατο αντι μαιτυρον δυον. αι δε κα μη ομοσει αι εγραται η μη δεικσει ταν απλοον τιμαν καταστασει. αι δε κ αυτον αιτιηται ναι αποδοθαι η αποκρυπσαι αι κα νικαθει ταν απλοον τιμαν διππλει καταστασει. αι δε κα ναευηι εμπανια δεικσατο., Dialect: dialect.west_greek.doric.cretan
ID: 200483, Text: ------------ --- κατακειμενος. αι κ αδικησει δολος η δολα οτι μεν κα καταθεμενο κελομενο αμαρτηι τοι καταθεμενοι ταν δικαν ημην οτι δε κ αυτος προ ιαυτο τοι αρκαιοι πασται ταν δικαν ημην τοι δε ??????????? μη. αι δε κα νικαθηι ο καθενς αποδοτο τοι καταθεμενοι οτι κ οπηληι. αι δε κα τον κατακειμενον αδικησει αλλος αι μεν κ ανποτεροι μολιοντες νικασοντι ταν ημιναν εκατερος εκσιοντι αι δε κ ο ατερος μη ληι ο ατερος μολιον αι κα νικασει αυτος εκσει. αι δε κ αποληται ο κατακειμενος δικακσατο ομοσαι τον καταθεμενον μητ αυτον αιτιον εμην μητε συν αλλοι μητ επ αλλοι ισαμην. αι δε κ αποθανηι δεικσατο αντι μαιτυρον δυον. αι δε κα μη ομοσει αι εγραται η μη δεικσει ταν απλοον τιμαν καταστασει. αι δε κ αυτον αιτιηται ναι αποδοθαι η αποκρυπσαι αι κα νικαθει ταν απλοον τιμαν διππλει καταστασει. αι δε κα ναευηι εμπανια δεικσατο., Dialect: dialect.west_greek.doric.cretan
ID: 200483, Text: ------------ --- κατακειμενος. αι κ αδικησει δολος η δολα οτι μεν κα καταθεμενο κελομενο αμαρτηι τοι καταθεμενοι ταν δικαν ημην οτι δε κ αυτος προ ιαυτο τοι αρκαιοι πασται ταν δικαν ημην τοι δε καταθεμενοι μη. αι δε κα νικαθηι ο καθενς αποδοτο τοι καταθεμενοι οτι κ οπηληι. αι δε κα τον κατακειμενον αδικησει αλλος αι μεν κ ανποτεροι μολιοντες νικασοντι ταν ημιναν εκατερος εκσιοντι αι δε κ ο ατερος μη ληι ο ατερος μολιον αι κα νικασει αυτος εκσει. αι δε κ αποληται ο κατακειμενος δικακσατο ομοσαι τον καταθεμενον μητ αυτον αιτιον εμην μητε συν αλλοι μητ επ αλλοι ισαμην. αι δε κ αποθανηι δεικσατο αντι μαιτυρον δυον. αι δε κα μη ομοσει αι εγραται η μη δεικσει ταν ?????? τιμαν καταστασει. αι δε κ αυτον αιτιηται ναι αποδοθαι η αποκρυπσαι αι κα νικαθει ταν απλοον τιμαν διππλει καταστασει. αι δε κα ναευηι εμπανια δεικσατο., Dialect: dialect.west_greek.doric.cretan

ID: 331273, Text: νικομαχος μ εποε ????? αναξ ηρακλες ο τοι κεραμευς μ ανεθεκε δος δε ιν ανθροποις δοξαν εχεν αγαθαν., Dialect: dialect.west_greek.doric.achaean
ID: 331273, Text: νικομαχος μ εποε χαιρε αναξ ηρακλες ο τοι κεραμευς μ ??????? δος δε ιν ανθροποις δοξαν εχεν αγαθαν., Dialect: dialect.west_greek.doric.achaean


ID: 195493, Text: ------ ------ -- δυο δραχμας κοδονα νεαν και σαλπινγα λαρνακα και λεβετα και σιδαρια εκαιδεκα σφυρας και σμενιας και σκαφιδας και κρεοδα-- εξ κοπιδας -- και μετρα --α και κεραμε παντα οσα κατ ταν ?????? χρε και στροφιν., Dialect: dialect.west_greek.doric.laconian_heraclean

ID: 333363, Text: πασαρατος ο αδε ος κατα το αρχο 0αλαϙου ογδοαν αποτεισατο. αι δε λει το ενιαυτο χαλκο δεκα ??????. αποτεισατο., Dialect: dialect.west_greek.doric.megarian

ID: 214883, Text: τηλεφανεος ??????? ευρυστρατιδας ταδε τα οπλα το λακεδαιμονιο τυ δε τοι χαριν αιες υπαρχοις., Dialect: dialect.west_greek.doric.laconian
ID: 214883, Text: τηλεφανεος ανεθεκε ευρυστρατιδας ταδε τα οπλα το λακεδαιμονιο τυ δε τοι ????? αιες υπαρχοις., Dialect: dialect.west_greek.doric.laconian

ID: 215014, Text: πανταρες μ ανεθεκε μενεκρατιος διος αθλα ιπποι νικασας πεδο ?? κλετο γελοαιο., Dialect: dialect.west_greek.doric.geloan
ID: 215014, Text: πανταρες μ ανεθεκε μενεκρατιος διος αθλα ιπποι νικασας πεδο εκ ????? γελοαιο., Dialect: dialect.west_greek.doric.geloan
                    
ID: 343693, Text: α ρατρα τοιρ χαλαδριορ και δευκαλιονι. χαλαδριον ε μεν αυτον και γονον. ισοπροξενον ισοδαμιοργον ταν δε ??? εχεν ταν εν πισαι αι δε τις συλαιε ερεν αυτον πο τον δια αι με δαμοι δοκεοι., Dialect: dialect.west_greek.northwest.elean
ID: 343693, Text: α ρατρα τοιρ χαλαδριορ και δευκαλιονι. χαλαδριον ε μεν αυτον και γονον. ισοπροξενον ισοδαμιοργον ταν δε γαν εχεν ταν εν πισαι αι δε τις συλαιε ερεν αυτον πο τον δια αι με ????? δοκεοι., Dialect: dialect.west_greek.northwest.elean

ID: 240353, Text: εικονες αιδ ιππων ανακειμεθα δωρ ενι πυθοι ας ιερων φοιβωι νικων ???????? ανακτι τιμαν αυξησας δεινομενεος γενεαι και δις μονοκελητι κρατησε τε και τοσον ευχος ειλ οσον ουτις βας πυθιο ες τεμενος., Dialect: dialect.west_greek.northwest.phocian?
ID: 240353, Text: εικονες αιδ ιππων ανακειμεθα δωρ ενι πυθοι ας ιερων φοιβωι νικων ανεθηκεν ανακτι τιμαν αυξησας δεινομενεος γενεαι και δις μονοκελητι κρατησε τε και τοσον ευχος ειλ οσον ουτις βας πυθιο ες ???????., Dialect: dialect.west_greek.northwest.phocian?

ID: 240324, Text: διοπειθες ???????? αθεναιος. ναε δυο καρον πεπαρεθιοι αιχμει ελοντες εστεσαν δεκατεν εκαταβολοι απολλονι., Dialect: dialect.west_greek.northwest.phocian?
ID: 240324, Text: διοπειθες εποιεσεν αθεναιος. ναε δυο καρον πεπαρεθιοι αιχμει ελοντες εστεσαν δεκατεν εκαταβολοι ????????., Dialect: dialect.west_greek.northwest.phocian?

ID: 238323, Text: - - - και τελχινια και διοσκουρεια μεγαλαρτια και ερακλεια και κ αυτος ???? ιαρειον και κα λεκχοι παρει και κα ξενοι οι παρεοντι ιαρεια θυοντες και κα πενταμαριτευον τυχει αι δε τι τουτον παρβαλλοιτο τον γεγραμμενον θοιεοντον τοι τε δαμιοργοι και τοι αλλοι παντες λαβυαδαι πρασσοντον δε τοι πεντεκαιδεκα αι δε κα αμφιλλεγει τας θοιασιος εξομοσας - - -., Dialect: dialect.west_greek.northwest.phocian
ID: 238323, Text: - - - και τελχινια και διοσκουρεια μεγαλαρτια και ερακλεια και κ αυτος θυει ιαρειον και κα λεκχοι παρει και κα ξενοι οι παρεοντι ιαρεια θυοντες και κα πενταμαριτευον ????? αι δε τι τουτον παρβαλλοιτο τον γεγραμμενον θοιεοντον τοι τε δαμιοργοι και τοι αλλοι παντες λαβυαδαι πρασσοντον δε τοι πεντεκαιδεκα αι δε κα αμφιλλεγει τας θοιασιος εξομοσας - - -., Dialect: dialect.west_greek.northwest.phocian
ID: 238323, Text: - - - και τελχινια και διοσκουρεια μεγαλαρτια και ερακλεια και κ αυτος θυει ιαρειον και κα λεκχοι παρει και κα ξενοι οι παρεοντι ιαρεια θυοντες και κα πενταμαριτευον τυχει αι δε τι τουτον παρβαλλοιτο τον γεγραμμενον θοιεοντον τοι τε δαμιοργοι και τοι αλλοι παντες λαβυαδαι ?????????? δε τοι πεντεκαιδεκα αι δε κα αμφιλλεγει τας θοιασιος εξομοσας - - -., Dialect: dialect.west_greek.northwest.phocian

ID: 207434, Text: νεπια εος ?????? και ου λαβον ανθος ετ εβας αλλ ικομαν προστεν πολυδακρυον εις αχεροντα μναμα δε τειδε πατερ υπερανορος παις κλεοδαμος στασε με θεσαλιαι και ματερ θυγατρι κορονα, Dialect: dialect.east_greek.aeolic.thessalian
ID: 207434, Text: νεπια εος εθανον και ου λαβον ανθος ετ εβας αλλ ικομαν προστεν πολυδακρυον εις αχεροντα ????? δε τειδε πατερ υπερανορος παις κλεοδαμος στασε με θεσαλιαι και ματερ θυγατρι κορονα, Dialect: dialect.east_greek.aeolic.thessalian
ID: 207434, Text: νεπια εος εθανον και ου λαβον ανθος ετ εβας αλλ ικομαν προστεν πολυδακρυον εις αχεροντα μναμα δε τειδε πατερ υπερανορος παις κλεοδαμος στασε με θεσαλιαι και ????? θυγατρι κορονα, Dialect: dialect.east_greek.aeolic.thessalian

ID: 146244, Text: τιμασιφιλος μ ??????? τοπολονι τοι πτοιει ο πραολλειος, Dialect: dialect.east_greek.aeolic.boeotian

ID: 328154, Text: ασστοις και ???????? φανες φιλος ενθαδε κειται ος ποτ αρισστευον εν προμαχοις εθανε., Dialect: dialect.east_greek.aeolic.boeotian
ID: 328154, Text: ασστοις και χσενοισι φανες φιλος ενθαδε ?????? ος ποτ αρισστευον εν προμαχοις εθανε., Dialect: dialect.east_greek.aeolic.boeotian 
ID: 328154, Text: ασστοις και χσενοισι φανες φιλος ενθαδε κειται ος ποτ αρισστευον εν προμαχοις ?????., Dialect: dialect.east_greek.aeolic.boeotian 
  
ID: 207993, Text: Χάββωι ????? θανοντι πατερ εστασεν αλευας, Dialect: dialect.east_greek.aeolic.thessalian
                    
ID: 328224, Text: δασον και φανιας σικιος τ ευγειτιχο υιοι πτοι απολον αναχς σοι μ ??????? χαριν., Dialect: dialect.east_greek.aeolic.boeotian
                    
ID: 328153, Text: παιδες ???????? μναμ ενθαδε πατρι θανοντι γαθο νι χσενιαν ιποσυναν τε σοφοι., Dialect: dialect.east_greek.aeolic.boeotian
ID: 328153, Text: παιδες εποιεσαν μναμ ενθαδε πατρι ??????? γαθο νι χσενιαν ιποσυναν τε σοφοι., Dialect: dialect.east_greek.aeolic.boeotian

ID: 353513, Text: πηδωμ μ ???????? ωμφιννεω εξ αιγυπτωγαγων ϙωι βασιλευς εδωϙ ωιγυπτιος ψαμμητιχος αριστηιια ψιλιον τε χρυσεογ και πολιν αρετης ενεκα, Dialect: dialect.east_greek.atticionic.eastionic
ID: 353513, Text: πηδωμ μ ανεθηκεν ωμφιννεω εξ αιγυπτωγαγων ϙωι ???????? εδωϙ ωιγυπτιος ψαμμητιχος αριστηιια ψιλιον τε χρυσεογ και πολιν αρετης ενεκα, Dialect: dialect.east_greek.atticionic.eastionic
ID: 353513, Text: πηδωμ μ ανεθηκεν ωμφιννεω εξ αιγυπτωγαγων ϙωι βασιλευς εδωϙ ωιγυπτιος ψαμμητιχος αριστηιια ψιλιον τε χρυσεογ και πολιν ?????? ενεκα, Dialect: dialect.east_greek.atticionic.eastionic

ID: 234774, Text: παρθενοι εκφαντο με ????? ανεθεκε και υιος ενθαδ αθεναιει μνεμα πονον αρεος εγελοχος μεγαλες τε φιλοχσενιες αρετες τε πασες μοιραν εχον τενδε πολιν νεμεται. κριτιος. και νεσιοτες. εποιεσατεν , Dialect: dialect.east_greek.atticionic.attic
ID: 234774, Text: παρθενοι εκφαντο με πατερ ανεθεκε και υιος ενθαδ αθεναιει μνεμα πονον αρεος εγελοχος μεγαλες τε φιλοχσενιες ?????? τε πασες μοιραν εχον τενδε πολιν νεμεται. κριτιος. και νεσιοτες. εποιεσατεν , Dialect: dialect.east_greek.atticionic.attic
ID: 234774, Text: παρθενοι εκφαντο με πατερ ανεθεκε και υιος ενθαδ αθεναιει μνεμα πονον αρεος εγελοχος μεγαλες τε φιλοχσενιες αρετες τε πασες μοιραν εχον τενδε ????? νεμεται. κριτιος. και νεσιοτες. εποιεσατεν , Dialect: dialect.east_greek.atticionic.attic

ID: 883, Text: παλλαδι τριτογενει μεγυλος μ ???????? απαρχεν και χρεμες υυς παιδι διος μεγαλο, Dialect: dialect.east_greek.atticionic.attic
ID: 883, Text: παλλαδι τριτογενει μεγυλος μ ανεθεκεν απαρχεν και χρεμες υυς παιδι διος ??????, Dialect: dialect.east_greek.atticionic.attic

ID: 344333, Text: αεακης ???????? ο βρυχωνος ος τηι ηρηι την συλην επρησεν κατα την επιστασιν, Dialect: dialect.east_greek.atticionic.eastionic
ID: 344333, Text: αεακης ανεθηκεν ο βρυχωνος ος τηι ???? την συλην επρησεν κατα την επιστασιν, Dialect: dialect.east_greek.atticionic.eastionic

ID: 884, Text: καλλιμαχος μ ???????? αφιδναιος ταθεναιαι ανγελον αθανατον οι ολυμπια δοματα εχοσιν. -- - πολεμαρχος αθεναιον τον αγονα τον μαραθον--ελενονο----------- παισιν αθεναιον μνεμ-, Dialect: dialect.east_greek.atticionic.attic
ID: 884, Text: καλλιμαχος μ ανεθεκεν αφιδναιος ταθεναιαι ανγελον αθανατον οι ολυμπια ?????? εχοσιν. -- - πολεμαρχος αθεναιον τον αγονα τον μαραθον--ελενονο----------- παισιν αθεναιον μνεμ-, Dialect: dialect.east_greek.atticionic.attic

ID: 290204, Text: παιδος νελονος νελονιδο εστι το ???? ος χυοι τοι αγαθοι μνεμα εποιει χαριεν, Dialect: dialect.east_greek.atticionic.attic
ID: 290204, Text: παιδος νελονος νελονιδο εστι το σεμα ος χυοι τοι αγαθοι ????? εποιει χαριεν, Dialect: dialect.east_greek.atticionic.attic
 
ID: 291133, Text: ανδρων τωνδ ?????? εσται κλεος αφθιτον αιει οιστ αν απερ τουτοις εσθλα νεμωσι θεοι αντια δυσμενεσιν ανχιαλομ πρεσαι βολευσαμενοις και εσοσαν αστυ βιαι περσον κλιναμενοι δυναμιν , Dialect: dialect.east_greek.atticionic.attic
ID: 291133, Text: ανδρων τωνδ αρετης εσται κλεος αφθιτον αιει οιστ αν απερ τουτοις εσθλα νεμωσι θεοι αντια δυσμενεσιν ανχιαλομ πρεσαι βολευσαμενοις και ?????? αστυ βιαι περσον κλιναμενοι δυναμιν , Dialect: dialect.east_greek.atticionic.attic
ID: 291133, Text: ανδρων τωνδ αρετης εσται κλεος αφθιτον αιει οιστ αν απερ τουτοις εσθλα νεμωσι θεοι αντια δυσμενεσιν ανχιαλομ πρεσαι βολευσαμενοις και εσοσαν αστυ βιαι ?????? κλιναμενοι δυναμιν , Dialect: dialect.east_greek.atticionic.attic

ID: 234823, Text: δεσμοι εν αχνυεντι σιδερεοι εσβεσαν υβριν ?????? αθεναιον εργμασιν εμ πολεμο εθνεα βοιοτον και χαλκιδεον δαμασαντες τον ιππος δεκατεν παλλαδι τασδ εθεσαν, Dialect: dialect.east_greek.atticionic.attic
ID: 234823, Text: δεσμοι εν αχνυεντι σιδερεοι εσβεσαν υβριν παιδες αθεναιον εργμασιν εμ πολεμο εθνεα βοιοτον και χαλκιδεον δαμασαντες τον ιππος δεκατεν παλλαδι τασδ ??????, Dialect: dialect.east_greek.atticionic.attic

ID: 290213, Text: τοδ αρχιο στι ????. καδελφες φιλες. ευκοσμιδες. δε τουτ εποιεσεν καλον. στελεν. δ επ αυτοι. θεκε φαιδιμος σοφος, Dialect: dialect.east_greek.atticionic.attic
ID: 290213, Text: τοδ αρχιο στι σεμα. καδελφες φιλες. ευκοσμιδες. δε τουτ εποιεσεν καλον. ??????. δ επ αυτοι. θεκε φαιδιμος σοφος, Dialect: dialect.east_greek.atticionic.attic
 
ID: 313133, Text: ταδε τιμησικρατει βεργαιωι ?????? τηνδ εν τηι βωληι τηι πρωτερηι και τηι υστερηι ανπελως δυω λαχσις φσιλας δυω λαχσι- - -ω- - - , Dialect: dialect.east_greek.atticionic.unspecified
ID: 313133, Text: ταδε τιμησικρατει βεργαιωι εδωσαν τηνδ εν τηι βωληι τηι πρωτερηι και τηι ??????? ανπελως δυω λαχσις φσιλας δυω λαχσι- - -ω- - - , Dialect: dialect.east_greek.atticionic.unspecified
 
ID: 294074, Text: ξανθιππον τοδε φησιν αληιτερων πρυτανειον ????????? αρριφρονος παιδα μαλιστ αδικειν, Dialect: dialect.east_greek.atticionic.attic
ID: 294074, Text: ξανθιππον τοδε φησιν αληιτερων πρυτανειον τωστρακωι αρριφρονος ????? μαλιστ αδικειν, Dialect: dialect.east_greek.atticionic.attic
 
ID: 344233, Text: ιναρως ψαμμητιχο ο της αιγυπτο ???????? λεωκριτωι ιφι----- τοις ναυτηισιν των συμμαχων επ------ αριστηιον, Dialect: dialect.east_greek.atticionic.eastionic
ID: 344233, Text: ιναρως ψαμμητιχο ο της αιγυπτο βασιλευς λεωκριτωι ιφι----- τοις ναυτηισιν των ???????? επ------ αριστηιον, Dialect: dialect.east_greek.atticionic.eastionic

ID: 215693, Text: αλκης ποιησεν εριν ορινεσθαι ????? ιν ευπορον οι κυδος εμ μροτοισιν ηι, Dialect: dialect.east_greek.atticionic.insularionic
ID: 215693, Text: αλκης ποιησεν εριν ορινεσθαι θελων ιν ευπορον οι κυδος εμ ????????? ηι, Dialect: dialect.east_greek.atticionic.insularionic
 
ID: 234933, Text: προθυμος εποιεσεν. --- - ???????? αθεναιαι τοδ απαρχεν ευχσαμενος κορει παιδι διος μεγαλο, Dialect: dialect.east_greek.atticionic.attic
ID: 234933, Text: προθυμος εποιεσεν. --- - ανεθεκεν αθεναιαι τοδ απαρχεν ?????????? κορει παιδι διος μεγαλο, Dialect: dialect.east_greek.atticionic.attic
 
ID: 1744, Text: φανοδικο εμι τορμοκρατεος το προκοννησιο κρητηρα δε. και υποκρητηριον. και ηθμον. ες πρυτανηιον ??????. συκεευσιν. φανοδικο. ειμι. το ερμοκρατος. το προκονεσιο. καγο κρατερα καπιστατον. και εθμον. ες πρυτανειον εδοκα μνεμα σιγειευσι εαν δε τι πασχο μελεδαινεν με ο σιγειες και μ εποιεσεν αισοπος και ηαδελφοι, Dialect: dialect.east_greek.atticionic.attic
ID: 1744, Text: φανοδικο εμι τορμοκρατεος το προκοννησιο κρητηρα δε. και υποκρητηριον. και ηθμον. ες πρυτανηιον εδωκεν. συκεευσιν. φανοδικο. ειμι. το ερμοκρατος. το προκονεσιο. καγο κρατερα καπιστατον. και εθμον. ες πρυτανειον εδοκα ????? σιγειευσι εαν δε τι πασχο μελεδαινεν με ο σιγειες και μ εποιεσεν αισοπος και ηαδελφοι, Dialect: dialect.east_greek.atticionic.attic
ID: 1744, Text: φανοδικο εμι τορμοκρατεος το προκοννησιο κρητηρα δε. και υποκρητηριον. και ηθμον. ες πρυτανηιον εδωκεν. συκεευσιν. φανοδικο. ειμι. το ερμοκρατος. το προκονεσιο. καγο κρατερα καπιστατον. και εθμον. ες πρυτανειον εδοκα μνεμα σιγειευσι εαν δε τι πασχο μελεδαινεν με ο σιγειες και μ ???????? αισοπος και ηαδελφοι, Dialect: dialect.east_greek.atticionic.attic

ID: 291964, Text: φοιβο μεν ειμ ?????? λατοιδα καλον ο δ αλκμεονος υις αλκμεονιδες ιποισι νικεσας εθεκε μ οκεαις ας κνοπι---ς ελαυν ο ------- οτ ε ν αθαναις παλαδος πανεγυρις, Dialect: dialect.east_greek.atticionic.attic
ID: 291964, Text: φοιβο μεν ειμ αγαλμα λατοιδα καλον ο δ αλκμεονος υις αλκμεονιδες ιποισι ??????? εθεκε μ οκεαις ας κνοπι---ς ελαυν ο ------- οτ ε ν αθαναις παλαδος πανεγυρις, Dialect: dialect.east_greek.atticionic.attic

ID: 79973, Text: ηρακλει μ ???????? ακηρατος ος θασιοισιν και παριοις ηρχσεν μονος εν ανφοτεροις πολλας δ ανγελιας προ πολεος κατα φυλα διηλθεν ανθροπον αρετης ενεκεν αιδιης, Dialect: dialect.east_greek.atticionic.centralionic
ID: 79973, Text: ηρακλει μ ανεθηκεν ακηρατος ος θασιοισιν και παριοις ηρχσεν ????? εν ανφοτεροις πολλας δ ανγελιας προ πολεος κατα φυλα διηλθεν ανθροπον αρετης ενεκεν αιδιης, Dialect: dialect.east_greek.atticionic.centralionic
ID: 79973, Text: ηρακλει μ ανεθηκεν ακηρατος ος θασιοισιν και παριοις ηρχσεν μονος εν ανφοτεροις πολλας δ ανγελιας προ πολεος κατα φυλα διηλθεν ανθροπον ?????? ενεκεν αιδιης, Dialect: dialect.east_greek.atticionic.centralionic

ID: 1753, Text: ενθαδε φιλον ?????? τον δε κατα γαι εκαλυσφεν ναυτιλον ο φσυχει παυρα δεδοκ αγαθα, Dialect: dialect.east_greek.atticionic.attic
ID: 1753, Text: ενθαδε φιλον κειται τον δε κατα γαι εκαλυσφεν ναυτιλον ο φσυχει παυρα ????? αγαθα, Dialect: dialect.east_greek.atticionic.attic
 
ID: 62393, Text: νικανδρη μ ???????? ηεκηβολοι ιοχεαιρηι ϙορη δεινοδικη ο το ναη0σιο εη0σοχος αλλη ον δεινομενεος δε κασιγνετη φηραη0σο δ αλοχος μην, Dialect: dialect.east_greek.atticionic.insularionic
ID: 62393, Text: νικανδρη μ ανεθεκεν ηεκηβολοι ιοχεαιρηι ???? δεινοδικη ο το ναη0σιο εη0σοχος αλλη ον δεινομενεος δε κασιγνετη φηραη0σο δ αλοχος μην, Dialect: dialect.east_greek.atticionic.insularionic
ID: 62393, Text: νικανδρη μ ανεθεκεν ηεκηβολοι ιοχεαιρηι ϙορη δεινοδικη ο το ναη0σιο εη0σοχος αλλη ον δεινομενεος δε ????????? φηραη0σο δ αλοχος μην, Dialect: dialect.east_greek.atticionic.insularionic
 
ID: 1373, Text: σεμα ????? κλεβολος αποφθιμενοι χσενοφαντοι θεκε τοδ αντ αρετες εδε σαοφροσυνες αριστιον εποιε παριος, Dialect: dialect.east_greek.atticionic.attic
ID: 1373, Text: σεμα πατερ κλεβολος αποφθιμενοι χσενοφαντοι θεκε τοδ αντ αρετες εδε σαοφροσυνες αριστιον ????? παριος, Dialect: dialect.east_greek.atticionic.attic

ID: 237413, Text: στεθι και οικτιρον κροισο παρα ???? θανοντος ον ποτ ενι προμαχοις ολεσε θορος αρες., Dialect: dialect.east_greek.atticionic.attic
ID: 237413, Text: στεθι και οικτιρον κροισο παρα σεμα θανοντος ον ποτ ενι προμαχοις ????? θορος αρες., Dialect: dialect.east_greek.atticionic.attic
 
ID: 322543, Text: γλαυϙο ειμι ????? το λεπτινεω εθεσαν δε με οι βρεντεω παιδες, Dialect: dialect.east_greek.atticionic.centralionic
ID: 322543, Text: γλαυϙο ειμι μνημα το λεπτινεω ?????? δε με οι βρεντεω παιδες, Dialect: dialect.east_greek.atticionic.centralionic
 
ID: 215714, Text: μικκιαδης τοδ ?????? καλον μ ανεθηκεν και υιος αρχερμος θυσιησιν ηεκηβολον αυθ ιλασασθαι οι χιοι μελανος πατρωιον αστυ λιποντες, Dialect: dialect.east_greek.atticionic.insularionic
ID: 215714, Text: μικκιαδης τοδ αγαλμα καλον μ ανεθηκεν και υιος αρχερμος θυσιησιν ηεκηβολον αυθ ιλασασθαι οι χιοι μελανος πατρωιον ???? λιποντες, Dialect: dialect.east_greek.atticionic.insularionic

ID: 322554, Text: εικονα αθεναιες χρυσαιγιδος οβριμοπατρες ος τηνδ ??????? σιφνιος αλκιδαμας ου πη μολο πτηξη πονος αναλοτα φυλαςσον τειχη και γαιην ατρεμας αγχεμαχος, Dialect: dialect.east_greek.atticionic.insularionic
ID: 322554, Text: εικονα αθεναιες χρυσαιγιδος οβριμοπατρες ος τηνδ εστησην σιφνιος αλκιδαμας ου πη μολο πτηξη πονος αναλοτα φυλαςσον τειχη και ????? ατρεμας αγχεμαχος, Dialect: dialect.east_greek.atticionic.insularionic

ID: 340003, Text: εκαστον ??????? λαβεν τον εμισχοινον εν μεδεν τον οιϙοπεδον φυλα δανκλαια ποιεσαι αφαρει αι φρατριαι ανεδειξαν τα καταγεγραμενα ιαν δε τις παρ το χαλϙομα εργασδεται ε το χαλϙομα αφανες ποιεσει ε θελει λαθεν τι περι το χαλϙοματος σερεσθοτες μοιρας τες κακες ε αγαθες εν τοι αυτοι αυτον εχεσθαι εν οιπερ ος εκλετον γεες αναδαιθμο μνεσεται περι δε τον δεχομενον κατα το χαλϙομα καρτερον εν τον εμισχοινον ε τον οιϙοπεδον ειναι, Dialect: dialect.east_greek.atticionic.westionic
ID: 340003, Text: εκαστον εποιϙον λαβεν τον εμισχοινον εν μεδεν τον οιϙοπεδον φυλα δανκλαια ποιεσαι αφαρει αι φρατριαι ανεδειξαν τα καταγεγραμενα ιαν δε τις παρ το χαλϙομα εργασδεται ε το ??????? αφανες ποιεσει ε θελει λαθεν τι περι το χαλϙοματος σερεσθοτες μοιρας τες κακες ε αγαθες εν τοι αυτοι αυτον εχεσθαι εν οιπερ ος εκλετον γεες αναδαιθμο μνεσεται περι δε τον δεχομενον κατα το χαλϙομα καρτερον εν τον εμισχοινον ε τον οιϙοπεδον ειναι, Dialect: dialect.east_greek.atticionic.westionic
ID: 340003, Text: εκαστον εποιϙον λαβεν τον εμισχοινον εν μεδεν τον οιϙοπεδον φυλα δανκλαια ποιεσαι αφαρει αι φρατριαι ανεδειξαν τα καταγεγραμενα ιαν δε τις παρ το χαλϙομα εργασδεται ε το χαλϙομα αφανες ποιεσει ε θελει λαθεν τι περι το χαλϙοματος σερεσθοτες μοιρας τες κακες ε αγαθες εν τοι αυτοι αυτον εχεσθαι εν οιπερ ος εκλετον γεες αναδαιθμο μνεσεται περι δε τον δεχομενον κατα το χαλϙομα ???????? εν τον εμισχοινον ε τον οιϙοπεδον ειναι, Dialect: dialect.east_greek.atticionic.westionic

ID: 873, Text: τιμαρχος μ ??????? διος κρατεροφρονι παιδι μαντειον φρασμοσυναι μετρος επευχσαμενες. ονατας εποιεσεν, Dialect: dialect.east_greek.atticionic.attic
ID: 873, Text: τιμαρχος μ ανεθεκε διος κρατεροφρονι παιδι μαντειον φρασμοσυναι μετρος επευχσαμενες. ονατας ????????, Dialect: dialect.east_greek.atticionic.attic

ID: 339883, Text: ο παις. ουτος ε βορυσθενεος επρηθη. ????? 0 αυτωι. φαυλλης παντα. θελομεν χρη αποδοσθαι, Dialect: dialect.east_greek.atticionic.eastionic
ID: 339883, Text: ο παις. ουτος ε βορυσθενεος επρηθη. ονομα 0 αυτωι. φαυλλης παντα. θελομεν ??? αποδοσθαι, Dialect: dialect.east_greek.atticionic.eastionic
 
ID: 290144, Text: χρυσοκομ απολλον ?????? τοδε καλον αγαλμα καλλιαι οι προφρον αντιδοιες αγαθα, Dialect: dialect.east_greek.atticionic.attic
ID: 290144, Text: χρυσοκομ απολλον δεχσαι τοδε καλον αγαλμα καλλιαι οι προφρον αντιδοιες ?????, Dialect: dialect.east_greek.atticionic.attic
 
ID: 4, Text: εαν δε τις τουτον τι δραι ειδος εχσεναι θοαν μεχρι τριον οβελον τοισι ταμιασι τος ιεροργοντας μ----- με------- νεο και το προ--------ο βομο ----- τοθεν το νεο εντος το κεκροπιο μεδ ανα παν το εκατομπεδον μεδ ονθον εγβαλεν εαν δε τις τουτον τι δραι ειδος εχσεναι θοαν ????? τριον οβελον τοισι ταμιασι τας ιερεας τας εμ πολει και τας ζακορος με εχεν οικεμα ταμιειον εμ πολει μεδε ιπνευεσθαι εαν δε τις τουτον τι δραι ευθυνεσθαι εκατον δραχμεσι και τος ταμιας εαν εοσι ευθυνεσθαι εκατον δραχμεσι τα οικεματα ---- τοι εκατομπεδοι ανοιγεν τος ταμιας με ολειζον τρις το μενος θεασθαι τας ενας εμερας τας προ τες νομενιας και τει δεκατει και τει εικαδι υπερ εμισυ παροντας ος δ αν λειπει δυνατος ον αποτινεν δυο δραχμα εκαστον εσπραττεν δε τοπρυτανιν αν δε με και αυτον κατα ταυτ ευθυνεσθαι φαινεν δε τοπρυτανιν τα αδικεματα τοις ταμιασι τα εν τοι λιθοι γεγραμμενα. ταυτ εδοχσεν τοι δεμοι επι φιλοκρατος αρχοντος τα εν τοιν λιθοιν τουτοιν, Dialect: dialect.east_greek.atticionic.attic
ID: 4, Text: εαν δε τις τουτον τι δραι ειδος εχσεναι θοαν μεχρι τριον οβελον τοισι ταμιασι τος ιεροργοντας μ----- με------- νεο και το προ--------ο βομο ----- τοθεν το νεο εντος το κεκροπιο μεδ ανα παν το εκατομπεδον μεδ ονθον εγβαλεν εαν δε τις τουτον τι δραι ειδος εχσεναι θοαν μεχρι τριον οβελον τοισι ??????? τας ιερεας τας εμ πολει και τας ζακορος με εχεν οικεμα ταμιειον εμ πολει μεδε ιπνευεσθαι εαν δε τις τουτον τι δραι ευθυνεσθαι εκατον δραχμεσι και τος ταμιας εαν εοσι ευθυνεσθαι εκατον δραχμεσι τα οικεματα ---- τοι εκατομπεδοι ανοιγεν τος ταμιας με ολειζον τρις το μενος θεασθαι τας ενας εμερας τας προ τες νομενιας και τει δεκατει και τει εικαδι υπερ εμισυ παροντας ος δ αν λειπει δυνατος ον αποτινεν δυο δραχμα εκαστον εσπραττεν δε τοπρυτανιν αν δε με και αυτον κατα ταυτ ευθυνεσθαι φαινεν δε τοπρυτανιν τα αδικεματα τοις ταμιασι τα εν τοι λιθοι γεγραμμενα. ταυτ εδοχσεν τοι δεμοι επι φιλοκρατος αρχοντος τα εν τοιν λιθοιν τουτοιν, Dialect: dialect.east_greek.atticionic.attic
ID: 4, Text: εαν δε τις τουτον τι δραι ειδος εχσεναι θοαν μεχρι τριον οβελον τοισι ταμιασι τος ιεροργοντας μ----- με------- νεο και το προ--------ο βομο ----- τοθεν το νεο εντος το κεκροπιο μεδ ανα παν το εκατομπεδον μεδ ονθον εγβαλεν εαν δε τις τουτον τι δραι ειδος εχσεναι θοαν μεχρι τριον οβελον τοισι ταμιασι τας ιερεας τας εμ πολει και τας ζακορος με εχεν οικεμα ταμιειον εμ πολει μεδε ιπνευεσθαι εαν δε τις τουτον τι δραι ευθυνεσθαι εκατον δραχμεσι και τος ?????? εαν εοσι ευθυνεσθαι εκατον δραχμεσι τα οικεματα ---- τοι εκατομπεδοι ανοιγεν τος ταμιας με ολειζον τρις το μενος θεασθαι τας ενας εμερας τας προ τες νομενιας και τει δεκατει και τει εικαδι υπερ εμισυ παροντας ος δ αν λειπει δυνατος ον αποτινεν δυο δραχμα εκαστον εσπραττεν δε τοπρυτανιν αν δε με και αυτον κατα ταυτ ευθυνεσθαι φαινεν δε τοπρυτανιν τα αδικεματα τοις ταμιασι τα εν τοι λιθοι γεγραμμενα. ταυτ εδοχσεν τοι δεμοι επι φιλοκρατος αρχοντος τα εν τοιν λιθοιν τουτοιν, Dialect: dialect.east_greek.atticionic.attic
ID: 4, Text: εαν δε τις τουτον τι δραι ειδος εχσεναι θοαν μεχρι τριον οβελον τοισι ταμιασι τος ιεροργοντας μ----- με------- νεο και το προ--------ο βομο ----- τοθεν το νεο εντος το κεκροπιο μεδ ανα παν το εκατομπεδον μεδ ονθον εγβαλεν εαν δε τις τουτον τι δραι ειδος εχσεναι θοαν μεχρι τριον οβελον τοισι ταμιασι τας ιερεας τας εμ πολει και τας ζακορος με εχεν οικεμα ταμιειον εμ πολει μεδε ιπνευεσθαι εαν δε τις τουτον τι δραι ευθυνεσθαι εκατον δραχμεσι και τος ταμιας εαν εοσι ευθυνεσθαι εκατον δραχμεσι τα οικεματα ---- τοι εκατομπεδοι ανοιγεν τος ταμιας με ολειζον τρις το μενος θεασθαι τας ενας ?????? τας προ τες νομενιας και τει δεκατει και τει εικαδι υπερ εμισυ παροντας ος δ αν λειπει δυνατος ον αποτινεν δυο δραχμα εκαστον εσπραττεν δε τοπρυτανιν αν δε με και αυτον κατα ταυτ ευθυνεσθαι φαινεν δε τοπρυτανιν τα αδικεματα τοις ταμιασι τα εν τοι λιθοι γεγραμμενα. ταυτ εδοχσεν τοι δεμοι επι φιλοκρατος αρχοντος τα εν τοιν λιθοιν τουτοιν, Dialect: dialect.east_greek.atticionic.attic
ID: 4, Text: εαν δε τις τουτον τι δραι ειδος εχσεναι θοαν μεχρι τριον οβελον τοισι ταμιασι τος ιεροργοντας μ----- με------- νεο και το προ--------ο βομο ----- τοθεν το νεο εντος το κεκροπιο μεδ ανα παν το εκατομπεδον μεδ ονθον εγβαλεν εαν δε τις τουτον τι δραι ειδος εχσεναι θοαν μεχρι τριον οβελον τοισι ταμιασι τας ιερεας τας εμ πολει και τας ζακορος με εχεν οικεμα ταμιειον εμ πολει μεδε ιπνευεσθαι εαν δε τις τουτον τι δραι ευθυνεσθαι εκατον δραχμεσι και τος ταμιας εαν εοσι ευθυνεσθαι εκατον δραχμεσι τα οικεματα ---- τοι εκατομπεδοι ανοιγεν τος ταμιας με ολειζον τρις το μενος θεασθαι τας ενας εμερας τας προ τες νομενιας και τει δεκατει και τει εικαδι υπερ εμισυ παροντας ος δ αν λειπει δυνατος ον αποτινεν δυο δραχμα εκαστον εσπραττεν δε τοπρυτανιν αν δε με και αυτον κατα ταυτ ευθυνεσθαι φαινεν δε τοπρυτανιν τα αδικεματα τοις ταμιασι τα εν τοι λιθοι ??????????. ταυτ εδοχσεν τοι δεμοι επι φιλοκρατος αρχοντος τα εν τοιν λιθοιν τουτοιν, Dialect: dialect.east_greek.atticionic.attic
ID: 4, Text: εαν δε τις τουτον τι δραι ειδος εχσεναι θοαν μεχρι τριον οβελον τοισι ταμιασι τος ιεροργοντας μ----- με------- νεο και το προ--------ο βομο ----- τοθεν το νεο εντος το κεκροπιο μεδ ανα παν το εκατομπεδον μεδ ονθον εγβαλεν εαν δε τις τουτον τι δραι ειδος εχσεναι θοαν μεχρι τριον οβελον τοισι ταμιασι τας ιερεας τας εμ πολει και τας ζακορος με εχεν οικεμα ταμιειον εμ πολει μεδε ιπνευεσθαι εαν δε τις τουτον τι δραι ευθυνεσθαι εκατον δραχμεσι και τος ταμιας εαν εοσι ευθυνεσθαι εκατον δραχμεσι τα οικεματα ---- τοι εκατομπεδοι ανοιγεν τος ταμιας με ολειζον τρις το μενος θεασθαι τας ενας εμερας τας προ τες νομενιας και τει δεκατει και τει εικαδι υπερ εμισυ παροντας ος δ αν λειπει δυνατος ον αποτινεν δυο δραχμα εκαστον εσπραττεν δε τοπρυτανιν αν δε με και αυτον κατα ταυτ ευθυνεσθαι φαινεν δε τοπρυτανιν τα αδικεματα τοις ταμιασι τα εν τοι λιθοι γεγραμμενα. ταυτ ??????? τοι δεμοι επι φιλοκρατος αρχοντος τα εν τοιν λιθοιν τουτοιν, Dialect: dialect.east_greek.atticionic.attic

ID: 314673, Text: βασιλευς ???????? δαρειος ο υστασπεω γαδαται δουλωι ταδε λεγει πυνθανομαι σε των εμων επιταγματων ου κατα παντα πειθαρχειν οτι μεν γαρ την εμην εκπονεις γην τους περαν ευφρατου καρπους επι τα κατω της ασιας μερη καταφυτευων επαινω σην προθεσιν και δια ταυτα σοι κεισεται μεγαλη χαρις εμ βασιλεως οικωι οτι δε την υπερ θεων μου διαθεσιν αφανιζεις δωσω σοι μη μεταβαλομενωι πειραν ηδικημενου θυμου φυτουργους γαρ ιερους απολλωνος φορον επρασσες και χωραν σκαπανευειν βεβηλον επετασσες αγνοων εμων προγονων εις τον θεον νουν ος περσαις ειπε πασαν ατρεκειαν και τη, Dialect: .None
ID: 314673, Text: βασιλευς βασιλεων δαρειος ο υστασπεω γαδαται δουλωι ταδε ????? πυνθανομαι σε των εμων επιταγματων ου κατα παντα πειθαρχειν οτι μεν γαρ την εμην εκπονεις γην τους περαν ευφρατου καρπους επι τα κατω της ασιας μερη καταφυτευων επαινω σην προθεσιν και δια ταυτα σοι κεισεται μεγαλη χαρις εμ βασιλεως οικωι οτι δε την υπερ θεων μου διαθεσιν αφανιζεις δωσω σοι μη μεταβαλομενωι πειραν ηδικημενου θυμου φυτουργους γαρ ιερους απολλωνος φορον επρασσες και χωραν σκαπανευειν βεβηλον επετασσες αγνοων εμων προγονων εις τον θεον νουν ος περσαις ειπε πασαν ατρεκειαν και τη, Dialect: .None 
ID: 314673, Text: βασιλευς βασιλεων δαρειος ο υστασπεω γαδαται δουλωι ταδε λεγει πυνθανομαι σε των εμων επιταγματων ου κατα παντα πειθαρχειν οτι μεν γαρ την εμην εκπονεις γην τους περαν ευφρατου καρπους επι τα κατω της ????? μερη καταφυτευων επαινω σην προθεσιν και δια ταυτα σοι κεισεται μεγαλη χαρις εμ βασιλεως οικωι οτι δε την υπερ θεων μου διαθεσιν αφανιζεις δωσω σοι μη μεταβαλομενωι πειραν ηδικημενου θυμου φυτουργους γαρ ιερους απολλωνος φορον επρασσες και χωραν σκαπανευειν βεβηλον επετασσες αγνοων εμων προγονων εις τον θεον νουν ος περσαις ειπε πασαν ατρεκειαν και τη, Dialect: .None 
ID: 314673, Text: βασιλευς βασιλεων δαρειος ο υστασπεω γαδαται δουλωι ταδε λεγει πυνθανομαι σε των εμων επιταγματων ου κατα παντα πειθαρχειν οτι μεν γαρ την εμην εκπονεις γην τους περαν ευφρατου καρπους επι τα κατω της ασιας μερη καταφυτευων επαινω σην προθεσιν και δια ταυτα σοι κεισεται μεγαλη χαρις εμ βασιλεως ????? οτι δε την υπερ θεων μου διαθεσιν αφανιζεις δωσω σοι μη μεταβαλομενωι πειραν ηδικημενου θυμου φυτουργους γαρ ιερους απολλωνος φορον επρασσες και χωραν σκαπανευειν βεβηλον επετασσες αγνοων εμων προγονων εις τον θεον νουν ος περσαις ειπε πασαν ατρεκειαν και τη, Dialect: .None